Date,Month,Day,Weekday,Absences,precip_intensity_max,precip_intensity_avg,precip_type,wind_speed_max,wind_speed_avg,gust_max,gust_avg,temp_min,temp_max,temp_avg,temp_day,temp_night,humidity
2018_01_01,1.0,1.0,Monday,29.0,0.0021,0.0066,0.0,3.18,3.21,17.13,9.44,11.63,16.78,14.59,16.78,15.03,0.86
2018_01_02,1.0,2.0,Tuesday,41.0,0.0137,0.0284,1.0,3.99,4.02,22.81,11.46,14.66,18.82,16.62,18.82,11.96,0.66
2018_01_03,1.0,3.0,Wednesday,41.0,0.09699999999999999,0.141,0.0,2.39,2.36,11.66,10.02,11.96,18.5,15.1,18.5,7.29,0.7
2018_01_04,1.0,4.0,Thursday,41.0,0.0204,0.0168,0.0,2.14,2.17,13.97,7.08,7.29,19.49,13.9,19.49,7.9,0.73
2018_01_05,1.0,5.0,Friday,40.0,0.2392,0.0615,1.0,4.35,4.34,8.05,4.09,7.9,20.48,15.67,20.48,13.63,0.76
2018_01_06,1.0,6.0,Saturday,33.0,1.1101,0.0,1.0,4.31,4.28,10.23,4.11,13.63,20.5,17.35,20.5,18.04,0.75
2018_01_07,1.0,7.0,Sunday,34.0,0.4654,0.006,1.0,5.48,5.45,12.17,5.88,18.1,18.92,18.24,18.92,18.18,0.87
2018_01_08,1.0,8.0,Monday,40.0,0.0095,0.0133,0.0,4.41,4.44,17.39,5.9,18.18,20.3,19.03,20.3,17.68,0.85
2018_01_09,1.0,9.0,Tuesday,38.0,0.0083,0.0551,2.0,4.73,4.7,9.65,7.84,13.04,18.66,17.26,18.66,13.04,0.81
2018_01_10,1.0,10.0,Wednesday,43.0,2.3721,0.0326,1.0,5.84,5.75,15.74,2.89,11.42,17.03,14.63,17.03,7.34,0.68
2018_01_11,1.0,11.0,Thursday,43.0,1.0061,0.0518,1.0,3.67,3.67,9.59,16.34,7.34,18.09,13.6,18.09,12.02,0.74
2018_01_12,1.0,12.0,Friday,38.0,1.0497,0.0,1.0,3.56,3.54,21.01,9.72,12.02,24.69,17.11,24.69,12.69,0.73
2018_01_13,1.0,13.0,Saturday,35.0,0.1489,0.067,1.0,4.79,4.72,15.43,6.76,12.69,19.46,16.33,19.46,13.04,0.8
2018_01_14,1.0,14.0,Sunday,35.0,0.3328,0.0113,1.0,6.56,6.45,8.43,14.91,13.04,22.11,17.54,22.11,16.79,0.78
2018_01_15,1.0,15.0,Monday,35.0,0.0041,0.0016,1.0,4.36,4.32,17.39,10.96,13.96,17.76,15.71,17.29,12.98,0.86
2018_01_16,1.0,16.0,Tuesday,35.0,0.2514,0.2593,1.0,2.3,2.25,16.25,3.98,9.43,18.04,14.6,18.04,5.61,0.74
2018_01_17,1.0,17.0,Wednesday,35.0,0.9046,0.0005,1.0,3.93,3.86,18.95,5.45,5.61,17.42,12.22,17.42,10.65,0.75
2018_01_18,1.0,18.0,Thursday,35.0,0.2089,0.0322,1.0,4.05,3.99,15.18,5.06,10.64,18.47,15.1,18.47,6.06,0.75
2018_01_19,1.0,19.0,Friday,35.0,0.0,0.0811,1.0,3.8,3.72,3.96,11.24,6.06,22.3,14.22,22.3,9.88,0.73
2018_01_20,1.0,20.0,Saturday,35.0,0.0041,0.2568,1.0,3.16,3.14,8.96,7.04,9.88,25.15,16.36,25.15,14.03,0.63
2018_01_21,1.0,21.0,Sunday,35.0,0.0198,0.0014,0.0,6.38,6.22,16.81,15.99,14.02,23.04,17.87,23.04,12.8,0.65
2018_01_22,1.0,22.0,Monday,35.0,0.1953,0.0038,1.0,5.89,5.78,20.3,14.4,12.8,22.66,17.8,22.66,14.88,0.75
2018_01_23,1.0,23.0,Tuesday,35.0,0.0,0.0,1.0,5.24,5.23,4.37,9.26,14.88,22.16,18.49,22.16,14.81,0.75
2018_01_24,1.0,24.0,Wednesday,35.0,0.5375,0.0491,1.0,10.72,10.61,22.32,17.73,13.91,19.04,16.2,17.15,6.76,0.63
2018_01_25,1.0,25.0,Thursday,35.0,0.5812,0.0007,1.0,5.36,5.47,7.81,8.04,6.76,15.03,12.23,14.16,9.95,0.78
2018_01_26,1.0,26.0,Friday,35.0,0.5157,0.0,0.0,5.78,5.79,9.65,9.96,9.95,13.16,11.36,13.16,10.95,0.86
2018_01_27,1.0,27.0,Saturday,35.0,0.0261,0.0,1.0,5.7,5.64,17.13,14.7,10.03,15.03,12.78,15.03,2.68,0.62
2018_01_28,1.0,28.0,Sunday,35.0,0.3858,0.0398,1.0,1.87,1.86,5.26,6.01,2.68,15.16,9.02,15.16,2.46,0.76
2018_01_29,1.0,29.0,Monday,35.0,0.3648,0.0051,1.0,2.36,2.38,13.74,10.34,2.46,17.47,10.52,17.47,4.4,0.76
2018_01_30,1.0,30.0,Tuesday,35.0,0.6718,0.0103,1.0,2.44,2.36,9.88,16.9,4.4,19.08,11.38,19.08,7.63,0.75
2018_01_31,1.0,31.0,Wednesday,35.0,0.0,0.0475,1.0,6.73,6.54,11.72,7.86,7.63,16.55,13.85,16.04,3.97,0.72
2018_02_01,2.0,1.0,Thursday,42.0,0.0,0.0017,1.0,2.3,2.32,8.29,19.32,3.97,15.09,9.39,15.09,1.45,0.69
2018_02_02,2.0,2.0,Friday,45.0,0.0,0.0303,1.0,3.04,3.08,14.28,11.22,1.45,15.66,9.57,15.66,10.81,0.76
2018_02_03,2.0,3.0,Saturday,34.0,0.0342,0.0131,1.0,7.77,7.65,10.7,15.99,10.55,13.43,12.06,13.05,6.44,0.62
2018_02_04,2.0,4.0,Sunday,35.0,0.0042,0.0,1.0,6.25,6.15,15.32,12.6,6.44,17.45,12.46,17.45,13.05,0.8
2018_02_05,2.0,5.0,Monday,39.0,1.5686,0.0048,0.0,4.6,4.6,9.15,6.63,12.96,15.45,14.26,15.09,7.21,0.72
2018_02_06,2.0,6.0,Tuesday,44.0,0.002,0.0456,0.0,2.62,2.6,18.95,5.02,7.21,18.45,12.53,18.45,6.58,0.87
2018_02_07,2.0,7.0,Wednesday,42.0,0.0094,0.0016,1.0,2.3,2.27,17.11,6.79,6.58,21.15,13.05,21.15,6.23,0.77
2018_02_08,2.0,8.0,Thursday,45.0,0.0,0.0005,1.0,3.26,3.37,12.82,8.43,6.23,17.62,12.67,17.62,11.65,0.85
2018_02_09,2.0,9.0,Friday,41.0,0.0314,0.2568,1.0,6.6,6.56,9.37,16.34,7.42,15.45,12.47,15.45,2.13,0.69
2018_02_10,2.0,10.0,Saturday,34.0,0.0747,0.0,1.0,3.05,2.99,10.37,8.33,2.13,16.04,9.13,16.04,4.94,0.81
2018_02_11,2.0,11.0,Sunday,33.0,0.1442,0.0866,1.0,2.67,2.7,14.44,9.44,3.98,19.44,11.25,19.44,7.03,0.74
2018_02_12,2.0,12.0,Monday,38.0,0.0043,0.1557,0.0,3.19,3.22,22.81,7.79,7.03,22.43,13.88,22.43,14.26,0.78
2018_02_13,2.0,13.0,Tuesday,36.0,0.4515,0.2561,1.0,6.15,6.02,13.5,12.9,14.43,22.5,18.28,22.5,12.04,0.74
2018_02_14,2.0,14.0,Wednesday,36.0,0.0,0.0,1.0,5.75,5.81,13.75,13.31,12.04,21.16,17.12,21.16,16.42,0.77
2018_02_15,2.0,15.0,Thursday,36.0,0.0021,0.0242,1.0,5.75,5.71,9.48,6.1,16.28,24.62,19.98,24.62,15.41,0.73
2018_02_16,2.0,16.0,Friday,36.0,0.0681,0.0,1.0,4.65,4.51,10.56,9.26,15.41,23.06,18.38,23.06,13.04,0.71
2018_02_17,2.0,17.0,Saturday,36.0,0.0,0.0021,1.0,3.47,3.44,5.26,12.8,13.04,22.18,16.56,22.18,9.99,0.75
2018_02_18,2.0,18.0,Sunday,36.0,0.8192,0.2171,1.0,2.67,2.73,22.04,9.14,9.81,24.04,15.49,24.04,10.04,0.75
2018_02_19,2.0,19.0,Monday,36.0,0.789,0.1012,1.0,2.21,2.23,9.65,6.5,10.03,17.42,13.26,17.42,12.65,0.83
2018_02_20,2.0,20.0,Tuesday,36.0,0.0041,0.6588,1.0,4.91,4.82,16.61,8.21,11.04,15.43,13.94,15.43,10.99,0.79
2018_02_21,2.0,21.0,Wednesday,36.0,0.0,0.0978,1.0,3.41,3.41,6.6,9.05,10.6,15.46,12.47,15.46,5.13,0.75
2018_02_22,2.0,22.0,Thursday,36.0,1.2628,0.0108,1.0,1.71,1.68,13.63,4.03,5.13,15.47,10.07,15.47,6.32,0.8
2018_02_23,2.0,23.0,Friday,36.0,0.1772,0.0,1.0,1.85,1.82,5.25,8.97,6.32,17.57,11.08,17.57,8.24,0.79
2018_02_24,2.0,24.0,Saturday,36.0,0.0098,0.0008,1.0,6.2,6.02,10.72,5.71,8.27,15.04,12.78,14.53,5.88,0.7
2018_02_25,2.0,25.0,Sunday,36.0,0.0,0.0013,0.0,7.53,7.44,5.25,4.28,5.88,14.07,11.81,14.07,14.04,0.7
2018_02_26,2.0,26.0,Monday,36.0,0.0,0.03,1.0,4.92,4.94,12.61,7.79,13.02,15.12,14.24,15.12,10.96,0.82
2018_02_27,2.0,27.0,Tuesday,36.0,1.2148,0.0699,1.0,3.67,3.66,8.37,4.85,10.96,13.07,11.89,12.11,10.01,0.76
2018_02_28,2.0,28.0,Wednesday,36.0,0.0083,0.0436,1.0,6.11,6.18,8.17,12.86,5.38,12.14,9.7,12.14,4.01,0.75
2018_03_01,3.0,1.0,Thursday,38.0,0.1896,0.0303,0.0,4.81,4.81,13.52,11.24,2.14,5.62,4.41,4.84,-0.86,0.78
2018_03_02,3.0,2.0,Friday,39.0,0.0,0.0456,1.0,6.65,6.55,15.61,14.4,-0.86,4.4,1.3,4.4,-1.66,0.7
2018_03_03,3.0,3.0,Saturday,37.0,0.3953,0.0,1.0,5.02,5.07,6.49,15.13,-1.66,2.63,0.6,2.63,11.04,0.81
2018_03_04,3.0,4.0,Sunday,37.0,0.0032,0.0085,1.0,8.88,7.37,11.62,18.0,2.63,10.04,4.14,17.72,0.95,0.84
2018_03_05,3.0,5.0,Monday,43.0,0.3514,0.152,1.0,3.98,3.99,12.94,13.32,0.95,11.14,5.54,11.14,5.01,0.82
2018_03_06,3.0,6.0,Tuesday,44.0,0.0289,0.0002,1.0,5.47,5.5,9.87,5.3,5.01,13.19,9.56,13.19,4.87,0.79
2018_03_07,3.0,7.0,Wednesday,49.0,0.7365,0.001,1.0,4.72,4.72,4.64,7.35,0.22,11.04,6.71,11.04,-2.1,0.69
2018_03_08,3.0,8.0,Thursday,49.0,0.0581,0.27899999999999997,0.0,3.34,3.32,4.9,2.04,-2.1,10.51,2.73,10.51,1.96,0.79
2018_03_09,3.0,9.0,Friday,44.0,0.0041,0.6165,1.0,3.37,3.33,20.86,10.16,1.96,11.76,5.74,11.76,3.81,0.8
2018_03_10,3.0,10.0,Saturday,40.0,0.5121,0.0621,0.0,3.15,3.15,23.36,4.54,3.81,14.19,8.49,14.19,6.51,0.85
2018_03_11,3.0,11.0,Sunday,40.0,0.4424,0.0004,1.0,4.01,4.04,8.75,8.38,6.51,18.66,12.47,18.66,5.64,0.79
2018_03_12,3.0,12.0,Monday,42.0,0.0457,0.0038,1.0,7.55,7.47,20.69,13.4,5.64,12.08,10.34,12.08,3.49,0.82
2018_03_13,3.0,13.0,Tuesday,40.0,0.2946,0.0333,1.0,4.18,4.2,4.86,10.34,2.26,12.12,6.94,12.12,2.11,0.81
2018_03_14,3.0,14.0,Wednesday,40.0,0.0507,0.0036,1.0,6.43,6.48,19.33,14.06,2.11,12.81,7.84,12.69,11.63,0.85
2018_03_15,3.0,15.0,Thursday,40.0,1.1519,0.3969,1.0,9.44,9.53,20.69,15.73,11.5,12.85,12.18,12.62,11.45,0.88
2018_03_16,3.0,16.0,Friday,40.0,0.4424,0.2062,1.0,9.66,9.61,17.78,14.79,10.08,13.78,12.17,13.78,10.08,0.83
2018_03_17,3.0,17.0,Saturday,40.0,0.2524,0.067,1.0,6.74,6.75,13.74,10.92,10.54,13.01,11.57,13.01,6.09,0.87
2018_03_18,3.0,18.0,Sunday,40.0,0.5279,0.1559,1.0,8.43,8.38,17.25,13.48,5.46,13.16,11.14,13.16,6.32,0.84
2018_03_19,3.0,19.0,Monday,40.0,0.0194,0.0018,1.0,5.9,5.88,10.78,9.81,6.0,13.31,10.73,13.31,7.14,0.82
2018_03_20,3.0,20.0,Tuesday,40.0,0.0031,0.0258,1.0,5.53,5.56,8.76,7.96,5.68,11.07,8.26,11.07,6.16,0.91
2018_03_21,3.0,21.0,Wednesday,40.0,0.0054,0.0002,1.0,4.91,4.93,7.66,6.03,4.59,10.52,6.95,10.34,3.03,0.95
2018_03_22,3.0,22.0,Thursday,40.0,0.002,0.3849,1.0,6.7,6.68,14.86,9.93,1.84,10.32,5.07,10.32,0.98,0.83
2018_03_23,3.0,23.0,Friday,40.0,0.0021,0.0021,1.0,8.27,8.29,14.83,12.67,0.98,5.42,3.03,5.42,0.76,0.71
2018_03_24,3.0,24.0,Saturday,40.0,0.1661,0.0583,1.0,11.48,11.51,17.05,15.79,0.39,3.85,1.96,3.85,-0.77,0.77
2018_03_25,3.0,25.0,Sunday,40.0,0.1985,0.077,1.0,10.43,10.44,17.11,13.62,-1.29,1.35,0.28,0.97,-0.75,0.75
2018_03_26,3.0,26.0,Monday,40.0,0.1294,0.0176,1.0,5.55,5.54,10.07,7.01,-1.81,5.71,1.57,3.09,0.53,0.77
2018_03_27,3.0,27.0,Tuesday,40.0,0.0044,0.2755,1.0,4.02,4.02,6.59,5.25,0.53,4.48,2.46,2.94,1.89,0.85
2018_03_28,3.0,28.0,Wednesday,40.0,0.0076,0.0008,1.0,4.14,4.18,7.31,5.97,1.95,8.21,4.8,8.21,3.29,0.86
2018_03_29,3.0,29.0,Thursday,40.0,0.0335,0.0043,1.0,4.92,4.95,8.43,5.9,2.93,4.65,3.79,4.65,2.61,0.88
2018_03_30,3.0,30.0,Friday,40.0,0.0335,0.0173,1.0,6.3,6.29,9.21,7.77,-0.91,3.95,2.11,2.92,1.95,0.91
2018_03_31,3.0,31.0,Saturday,40.0,0.4023,0.1922,1.0,4.81,4.8,8.94,6.18,2.67,6.49,4.03,5.55,4.57,0.9
2018_04_01,4.0,1.0,Sunday,40.0,0.5867,0.0927,1.0,6.17,6.23,17.14,8.28,2.5,6.55,4.29,5.41,2.55,0.91
2018_04_02,4.0,2.0,Monday,41.0,0.5812,0.17800000000000002,1.0,10.57,10.63,19.56,16.6,2.55,13.14,7.22,13.14,11.68,0.91
2018_04_03,4.0,3.0,Tuesday,47.0,0.8639,0.2966,1.0,11.2,11.17,22.35,17.7,11.02,12.81,11.92,12.81,10.08,0.82
2018_04_04,4.0,4.0,Wednesday,52.0,0.38299999999999995,0.1366,1.0,8.18,8.2,17.41,13.77,4.39,11.42,8.66,11.31,4.77,0.84
2018_04_05,4.0,5.0,Thursday,53.0,0.3315,0.1175,1.0,9.45,9.37,19.32,14.65,3.73,11.79,7.17,10.72,10.72,0.87
2018_04_06,4.0,6.0,Friday,52.0,1.9426,0.365,1.0,10.34,10.3,18.44,16.89,11.77,13.95,13.14,13.95,12.11,0.92
2018_04_07,4.0,7.0,Saturday,47.0,0.3836,0.1711,1.0,10.54,10.48,18.22,14.84,6.63,14.5,12.45,13.17,6.24,0.85
2018_04_08,4.0,8.0,Sunday,47.0,0.1027,0.0333,1.0,4.12,4.19,8.6,5.05,5.99,10.58,7.72,10.11,4.5,0.7
2018_04_09,4.0,9.0,Monday,50.0,1.1778,0.2972,1.0,7.24,7.17,14.59,11.49,4.47,11.27,7.41,11.26,11.19,0.86
2018_04_10,4.0,10.0,Tuesday,52.0,0.5489999999999999,0.0653,1.0,7.91,7.93,19.32,13.96,11.38,13.07,12.16,12.93,11.53,0.91
2018_04_11,4.0,11.0,Wednesday,52.0,1.6572,0.5456,1.0,12.86,12.89,22.46,19.53,4.41,13.1,9.96,13.1,4.45,0.86
2018_04_12,4.0,12.0,Thursday,55.0,0.5162,0.1721,1.0,15.09,15.12,23.08,19.8,4.79,12.24,10.96,11.92,10.92,0.74
2018_04_13,4.0,13.0,Friday,53.0,0.2754,0.1449,1.0,13.96,13.95,22.81,17.38,4.63,11.86,10.06,11.35,4.93,0.71
2018_04_14,4.0,14.0,Saturday,53.0,0.0148,0.006,1.0,9.14,9.1,13.1,11.01,3.96,10.76,5.6,5.39,4.94,0.69
2018_04_15,4.0,15.0,Sunday,53.0,0.0065,0.0007,1.0,3.4,3.46,7.54,3.74,3.49,7.07,5.47,7.07,0.53,0.66
2018_04_16,4.0,16.0,Monday,53.0,0.0011,0.0,1.0,4.51,4.53,10.82,6.68,-1.16,4.71,2.08,3.98,-2.26,0.75
2018_04_17,4.0,17.0,Tuesday,53.0,0.0,0.0,0.0,8.0,8.01,13.52,12.1,-3.46,-0.99,-1.68,-0.99,-3.47,0.79
2018_04_18,4.0,18.0,Wednesday,53.0,0.0261,0.0108,1.0,4.91,4.95,9.37,6.92,-2.49,2.1,-0.62,2.09,-3.61,0.77
2018_04_19,4.0,19.0,Thursday,53.0,3.0661,0.4401,1.0,9.12,9.03,22.17,12.8,-5.69,1.65,-2.81,-1.48,-5.69,0.76
2018_04_20,4.0,20.0,Friday,53.0,0.8949,0.0811,1.0,6.94,7.02,15.61,9.96,-3.5,5.72,2.43,5.72,2.25,0.88
2018_04_21,4.0,21.0,Saturday,53.0,0.8387,0.115,1.0,8.15,8.15,14.95,11.32,3.98,11.02,5.94,10.4,4.08,0.83
2018_04_22,4.0,22.0,Sunday,53.0,0.1746,0.0088,1.0,10.0,9.95,18.71,15.02,3.11,6.02,4.73,5.53,4.28,0.82
2018_04_23,4.0,23.0,Monday,53.0,0.8145,0.1864,1.0,8.57,8.6,16.61,13.92,3.45,10.94,5.62,10.94,3.89,0.85
2018_04_24,4.0,24.0,Tuesday,53.0,0.4995,0.3047,1.0,9.2,9.21,17.39,14.6,3.11,10.42,4.98,5.12,4.99,0.87
2018_04_25,4.0,25.0,Wednesday,53.0,2.6489,0.7375,1.0,12.25,12.12,21.89,18.11,4.99,13.24,10.49,13.24,10.98,0.86
2018_04_26,4.0,26.0,Thursday,53.0,1.1152,0.141,1.0,10.22,10.1,18.95,14.06,5.24,12.51,10.15,11.34,5.24,0.82
2018_04_27,4.0,27.0,Friday,53.0,0.789,0.2755,1.0,6.91,6.87,14.71,10.71,2.85,11.62,7.26,11.11,2.85,0.91
2018_04_28,4.0,28.0,Saturday,53.0,0.4188,0.0336,1.0,3.76,3.77,10.38,4.89,5.13,9.94,7.17,9.92,-0.05,0.66
2018_04_29,4.0,29.0,Sunday,53.0,0.0032,0.155,1.0,3.45,3.41,6.93,5.71,-0.37,4.84,1.98,4.84,1.35,0.8
2018_04_30,4.0,30.0,Monday,53.0,0.0043,0.0957,1.0,3.49,3.52,5.93,4.89,0.4,3.69,2.08,3.69,0.03,0.91
2018_05_01,5.0,1.0,Tuesday,57.0,0.0032,0.0297,1.0,2.35,2.35,4.77,3.3,0.03,5.58,2.41,5.58,1.34,0.88
2018_05_02,5.0,2.0,Wednesday,60.0,0.0318,0.0107,1.0,3.38,3.35,6.21,4.34,1.34,5.55,2.97,4.76,4.42,0.9
2018_05_03,5.0,3.0,Thursday,58.0,0.0177,0.0047,1.0,7.62,7.54,16.26,11.41,5.49,11.44,9.53,10.9,5.26,0.87
2018_05_04,5.0,4.0,Friday,59.0,0.0082,0.0009,1.0,5.29,5.33,10.02,7.66,5.26,10.84,7.86,10.84,6.88,0.88
2018_05_05,5.0,5.0,Saturday,54.0,0.0488,0.0048,1.0,5.11,5.16,8.05,6.35,5.02,11.32,8.24,11.28,5.02,0.87
2018_05_06,5.0,6.0,Sunday,53.0,0.0438,0.0193,1.0,8.72,8.71,16.6,11.23,2.9,10.65,6.42,10.57,2.85,0.78
2018_05_07,5.0,7.0,Monday,57.0,0.0557,0.0322,1.0,7.88,7.91,17.12,10.49,1.17,4.96,2.98,3.89,1.18,0.75
2018_05_08,5.0,8.0,Tuesday,61.0,0.0434,0.0308,1.0,4.88,4.89,7.55,6.62,1.18,4.57,3.29,3.79,2.21,0.78
2018_05_09,5.0,9.0,Wednesday,63.0,0.048,0.0113,1.0,6.61,6.62,9.18,7.37,-1.32,4.96,2.5,3.25,3.2,0.7
2018_05_10,5.0,10.0,Thursday,62.0,0.035,0.0218,1.0,7.19,7.2,13.88,9.11,1.59,5.54,3.29,4.78,2.03,0.76
2018_05_11,5.0,11.0,Friday,61.0,0.034,0.0295,1.0,4.84,4.9,8.75,6.77,2.03,6.98,5.18,6.98,5.05,0.75
2018_05_12,5.0,12.0,Saturday,56.0,0.0405,0.0171,1.0,7.74,7.74,15.87,10.28,4.68,11.38,8.42,10.68,3.99,0.86
2018_05_13,5.0,13.0,Sunday,55.0,0.1163,0.0518,1.0,12.1,12.13,18.83,16.78,0.31,6.07,3.52,4.46,0.23,0.75
2018_05_14,5.0,14.0,Monday,55.0,0.1207,0.0673,1.0,11.05,11.02,20.3,15.49,0.23,3.13,1.65,2.81,2.21,0.74
2018_05_15,5.0,15.0,Tuesday,55.0,0.1014,0.0546,1.0,4.88,4.98,10.99,7.04,0.83,4.76,2.88,4.59,2.68,0.79
2018_05_16,5.0,16.0,Wednesday,55.0,0.1131,0.0475,1.0,6.47,6.43,11.35,9.85,3.16,5.81,4.61,5.81,4.33,0.9
2018_05_17,5.0,17.0,Thursday,55.0,0.1142,0.0521,1.0,9.1,9.04,16.0,12.92,3.3,6.55,4.96,5.17,4.07,0.82
2018_05_18,5.0,18.0,Friday,55.0,0.5157,0.0883,1.0,10.83,10.8,19.02,17.46,4.07,10.65,5.53,10.65,3.76,0.85
2018_05_19,5.0,19.0,Saturday,55.0,0.0675,0.0378,1.0,7.44,7.43,17.24,10.85,-0.18,4.49,3.24,4.06,-0.63,0.81
2018_05_20,5.0,20.0,Sunday,55.0,0.0234,0.009000000000000001,1.0,7.47,7.4,13.88,11.42,-0.61,5.44,2.92,4.24,3.7,0.85
2018_05_21,5.0,21.0,Monday,55.0,0.7505,0.3224,1.0,10.11,9.93,19.67,15.35,1.73,5.53,3.54,4.49,1.01,0.87
2018_05_22,5.0,22.0,Tuesday,55.0,0.6478,0.1847,1.0,10.08,10.02,17.47,12.93,-1.48,4.28,1.06,2.04,0.9,0.76
2018_05_23,5.0,23.0,Wednesday,55.0,0.0192,0.0089,1.0,4.93,5.06,11.01,6.32,-2.43,4.5,1.47,4.0,-4.12,0.75
2018_05_24,5.0,24.0,Thursday,55.0,0.0041,0.0525,1.0,6.81,6.76,11.31,10.08,-4.66,-1.4,-3.2,-1.4,-5.72,0.79
2018_05_25,5.0,25.0,Friday,55.0,0.0,0.0,0.0,3.9,3.9,6.76,4.81,-5.72,0.42,-2.72,-0.45,-2.97,0.74
2018_05_26,5.0,26.0,Saturday,55.0,0.0,0.0,0.0,2.99,3.05,10.42,4.5,-2.97,0.94,-0.73,0.94,-3.42,0.75
2018_05_27,5.0,27.0,Sunday,55.0,0.7233,0.152,2.0,7.34,7.29,16.81,10.3,-3.42,0.62,-1.98,-0.69,-3.16,0.83
2018_05_28,5.0,28.0,Monday,55.0,0.6904,0.2006,2.0,4.68,4.65,8.89,6.79,-3.92,0.74,-1.49,0.4,-3.33,0.84
2018_05_29,5.0,29.0,Tuesday,55.0,0.0281,0.0124,1.0,3.23,3.2,5.06,3.79,-3.33,2.86,-0.7,2.04,0.1,0.8
2018_05_30,5.0,30.0,Wednesday,55.0,0.4001,0.1138,1.0,5.03,5.04,14.12,8.5,-1.17,10.51,2.31,3.24,3.24,0.88
2018_05_31,5.0,31.0,Thursday,55.0,0.4515,0.0551,1.0,9.68,9.74,20.58,15.31,3.31,10.55,5.01,5.52,2.5,0.88
2018_06_01,6.0,1.0,Friday,57.0,0.8192,0.3397,1.0,12.34,12.42,23.0,17.35,-2.12,4.74,1.64,3.15,-0.6,0.81
2018_06_02,6.0,2.0,Saturday,57.0,0.5285,0.2692,1.0,13.09,13.11,23.79,16.4,-1.37,1.48,-0.04,0.27,-1.68,0.74
2018_06_03,6.0,3.0,Sunday,59.0,0.4455,0.0757,1.0,6.14,6.14,12.4,9.03,-1.95,2.66,-0.68,-0.82,-2.09,0.72
2018_06_04,6.0,4.0,Monday,65.0,1.0728,0.3338,2.0,5.6,5.53,10.99,7.19,-2.62,1.47,-0.58,1.01,-3.06,0.8
2018_06_05,6.0,5.0,Tuesday,71.0,0.29100000000000004,0.1012,2.0,5.31,5.38,15.23,7.19,-6.71,1.75,-3.64,-1.97,-6.09,0.84
2018_06_06,6.0,6.0,Wednesday,66.0,0.3412,0.1032,2.0,5.48,5.6,14.89,7.35,-5.47,3.48,-1.51,3.48,0.53,0.9
2018_06_07,6.0,7.0,Thursday,66.0,0.4786,0.1557,1.0,8.8,8.74,16.55,12.23,-1.0,1.7,0.55,0.88,0.24,0.78
2018_06_08,6.0,8.0,Friday,61.0,0.0366,0.0154,1.0,6.88,6.93,14.15,9.06,-0.81,1.68,0.53,1.68,-0.81,0.75
2018_06_09,6.0,9.0,Saturday,59.0,1.5722,0.2763,1.0,10.28,10.15,19.01,16.34,-3.39,2.39,-0.25,1.16,1.16,0.84
2018_06_10,6.0,10.0,Sunday,59.0,0.1772,0.0279,1.0,5.83,5.85,14.22,9.62,0.02,4.6,2.73,3.45,-0.36,0.92
2018_06_11,6.0,11.0,Monday,63.0,0.7365,0.2561,1.0,7.66,7.68,14.66,12.79,-0.35,5.34,2.84,5.33,2.74,0.95
2018_06_12,6.0,12.0,Tuesday,69.0,0.9169,0.1318,1.0,11.57,11.43,22.3,18.49,2.31,10.14,3.88,4.05,1.97,0.81
2018_06_13,6.0,13.0,Wednesday,64.0,1.3228,0.2444,1.0,12.46,12.39,25.97,19.99,1.97,10.83,4.31,10.83,2.71,0.88
2018_06_14,6.0,14.0,Thursday,64.0,0.1161,0.0151,1.0,12.52,12.45,22.59,19.35,2.48,4.47,3.67,4.24,2.86,0.79
2018_06_15,6.0,15.0,Friday,64.0,1.5686,0.4486,1.0,9.79,9.81,20.86,14.36,-1.55,5.87,2.59,4.63,1.7,0.89
2018_06_16,6.0,16.0,Saturday,64.0,0.0139,0.0014,1.0,6.69,6.73,14.32,8.45,1.49,4.9,2.85,4.23,0.63,0.78
2018_06_17,6.0,17.0,Sunday,64.0,0.024,0.0045,1.0,5.15,5.12,11.0,8.54,0.58,5.81,3.14,5.81,3.34,0.82
2018_06_18,6.0,18.0,Monday,64.0,0.003,0.0006,1.0,6.19,6.23,10.56,9.19,1.84,5.98,4.04,5.9,0.25,0.84
2018_06_19,6.0,19.0,Tuesday,64.0,0.0042,0.0883,1.0,3.76,3.78,8.39,6.39,0.25,11.17,3.9,11.17,1.08,0.79
2018_06_20,6.0,20.0,Wednesday,64.0,0.0021,0.0027,1.0,4.34,4.32,9.02,7.11,1.08,12.03,5.19,12.03,1.68,0.76
2018_06_21,6.0,21.0,Thursday,64.0,0.0043,0.0016,1.0,4.66,4.61,10.33,8.06,1.68,11.08,5.05,11.08,2.34,0.84
2018_06_22,6.0,22.0,Friday,64.0,0.0041,0.0005,1.0,5.3,5.23,12.37,9.07,2.12,11.84,6.29,11.84,2.07,0.76
2018_06_23,6.0,23.0,Saturday,64.0,0.0817,0.0083,1.0,4.41,4.43,11.62,7.89,2.07,10.02,4.87,10.02,-0.46,0.88
2018_06_24,6.0,24.0,Sunday,64.0,0.0243,0.0015,1.0,6.97,6.93,11.89,11.41,-0.46,4.81,3.03,4.81,0.91,0.89
2018_06_25,6.0,25.0,Monday,64.0,0.0043,0.0013,1.0,6.38,6.34,11.68,11.04,0.91,6.4,3.41,6.4,1.48,0.83
2018_06_26,6.0,26.0,Tuesday,64.0,0.0021,0.0161,1.0,5.62,5.6,11.71,10.16,1.48,6.15,4.02,6.15,4.08,0.92
2018_06_27,6.0,27.0,Wednesday,64.0,0.0061,0.0005,1.0,3.56,3.63,8.81,4.47,3.82,8.3,5.88,8.27,2.4,0.95
2018_06_28,6.0,28.0,Thursday,64.0,0.0031,0.0107,1.0,4.34,4.34,9.87,7.21,2.4,12.31,6.64,12.31,0.2,0.82
2018_06_29,6.0,29.0,Friday,64.0,0.0052,0.0004,1.0,2.8,2.82,5.93,4.1,0.2,13.12,6.55,13.12,2.2,0.75
2018_06_30,6.0,30.0,Saturday,64.0,0.0042,0.0699,1.0,3.21,3.2,5.78,4.11,2.2,12.65,6.63,12.65,2.16,0.69
2018_07_01,7.0,1.0,Sunday,66.0,0.0042,0.0004,1.0,2.67,2.68,5.97,4.07,2.16,15.19,8.43,15.19,2.31,0.72
2018_07_02,7.0,2.0,Monday,71.0,0.0041,0.0016,1.0,3.5,3.52,6.49,5.32,2.29,11.9,6.33,11.9,1.06,0.8
2018_07_03,7.0,3.0,Tuesday,76.0,0.2958,0.0232,1.0,6.94,6.91,16.65,11.29,1.06,10.63,5.09,10.63,2.79,0.9
2018_07_04,7.0,4.0,Wednesday,78.0,0.1675,0.0303,1.0,5.58,5.6,10.24,7.04,2.79,10.14,5.02,7.51,4.12,0.89
2018_07_05,7.0,5.0,Thursday,77.0,0.040999999999999995,0.0099,1.0,7.28,7.27,21.54,12.35,4.12,10.12,5.88,10.12,4.54,0.9
2018_07_06,7.0,6.0,Friday,76.0,0.9415,0.2526,1.0,12.37,12.34,26.71,22.44,5.58,11.99,10.39,11.56,1.53,0.89
2018_07_07,7.0,7.0,Saturday,67.0,0.9486,0.2593,1.0,11.97,12.04,22.32,16.86,0.96,11.89,4.73,4.58,-0.14,0.8
2018_07_08,7.0,8.0,Sunday,67.0,0.3134,0.0473,1.0,8.7,8.8,19.04,13.3,-0.14,6.01,3.97,6.01,4.8,0.77
2018_07_09,7.0,9.0,Monday,73.0,0.6293,0.2103,1.0,9.53,9.47,19.94,17.84,4.18,10.13,5.55,6.2,2.83,0.87
2018_07_10,7.0,10.0,Tuesday,69.0,1.0497,0.2401,1.0,12.52,12.44,23.19,17.94,2.83,10.7,4.93,5.72,3.35,0.8
2018_07_11,7.0,11.0,Wednesday,74.0,0.6718,0.0957,1.0,8.48,8.61,20.51,12.42,3.26,5.26,4.24,5.26,3.26,0.79
2018_07_12,7.0,12.0,Thursday,74.0,0.3798,0.0456,1.0,10.64,10.62,20.86,15.9,4.17,10.77,7.77,10.63,3.07,0.83
2018_07_13,7.0,13.0,Friday,71.0,1.8634,0.4098,1.0,11.8,11.71,29.85,17.12,0.39,11.54,4.63,11.54,-0.69,0.79
2018_07_14,7.0,14.0,Saturday,71.0,0.1562,0.0465,1.0,12.56,12.43,21.66,16.34,-0.77,5.09,1.96,5.09,2.86,0.68
2018_07_15,7.0,15.0,Sunday,71.0,0.9098,0.2006,1.0,12.52,12.34,22.2,17.81,-0.8,4.4,2.63,3.32,-0.8,0.79
2018_07_16,7.0,16.0,Monday,71.0,0.2105,0.0651,1.0,14.2,14.09,22.73,19.3,2.66,5.45,3.65,5.45,3.06,0.73
2018_07_17,7.0,17.0,Tuesday,71.0,1.0923,0.2422,1.0,11.65,11.61,23.16,16.9,3.06,10.63,6.34,10.44,4.98,0.78
2018_07_18,7.0,18.0,Wednesday,71.0,0.9097,0.3068,1.0,11.36,11.23,20.69,16.78,4.98,11.45,9.4,11.45,5.18,0.86
2018_07_19,7.0,19.0,Thursday,71.0,0.5758,0.1601,1.0,14.31,14.23,25.43,19.68,4.53,11.6,9.31,10.82,3.06,0.82
2018_07_20,7.0,20.0,Friday,71.0,0.4583,0.1848,1.0,10.56,10.66,23.7,14.49,-0.14,10.93,3.08,4.07,-0.54,0.78
2018_07_21,7.0,21.0,Saturday,71.0,0.0795,0.0224,1.0,6.04,6.01,13.7,7.67,-0.14,6.54,4.23,6.54,1.88,0.78
2018_07_22,7.0,22.0,Sunday,71.0,0.0152,0.0057,1.0,4.03,3.99,11.29,6.3,1.78,6.65,4.73,6.65,4.24,0.86
2018_07_23,7.0,23.0,Monday,71.0,0.011000000000000001,0.0011,1.0,4.66,4.66,9.4,8.07,4.24,10.08,6.52,10.08,4.23,0.92
2018_07_24,7.0,24.0,Tuesday,71.0,0.0063,0.0005,1.0,3.91,3.95,11.61,5.89,4.23,10.31,6.58,8.53,8.2,0.9
2018_07_25,7.0,25.0,Wednesday,71.0,0.0021,0.0567,1.0,4.35,4.36,8.8,5.29,1.2,11.15,7.07,10.82,4.65,0.93
2018_07_26,7.0,26.0,Thursday,71.0,0.0051,0.0002,1.0,6.04,6.06,15.18,7.04,3.59,11.28,7.47,10.99,3.7,0.83
2018_07_27,7.0,27.0,Friday,71.0,0.0162,0.0016,1.0,4.57,4.67,12.09,6.1,3.84,10.15,5.41,6.62,2.89,0.73
2018_07_28,7.0,28.0,Saturday,71.0,0.0414,0.018000000000000002,1.0,11.05,10.91,15.43,13.5,2.38,5.75,4.0,3.89,3.77,0.73
2018_07_29,7.0,29.0,Sunday,71.0,0.0152,0.0017,1.0,4.79,4.78,9.25,5.47,3.93,10.55,5.91,6.87,6.87,0.75
2018_07_30,7.0,30.0,Monday,71.0,0.0044,0.0229,1.0,2.38,2.39,4.02,3.15,6.81,11.0,8.44,8.32,7.38,0.84
2018_07_31,7.0,31.0,Tuesday,71.0,0.0193,0.0066,1.0,2.6,2.58,4.0,3.07,6.46,11.04,8.93,10.41,4.67,0.83
2018_08_01,8.0,1.0,Wednesday,76.0,0.0032,0.0392,1.0,3.31,3.29,6.05,4.19,4.67,11.81,7.38,11.81,6.33,0.84
2018_08_02,8.0,2.0,Thursday,76.0,0.0021,0.0124,1.0,2.17,2.21,5.26,3.2,7.42,12.68,9.53,12.68,5.33,0.82
2018_08_03,8.0,3.0,Friday,75.0,0.0778,0.0085,1.0,9.76,9.62,13.5,11.57,2.14,10.94,5.26,10.47,0.16,0.84
2018_08_04,8.0,4.0,Saturday,74.0,0.0032,0.0098,1.0,7.31,7.28,13.02,9.57,0.16,10.48,4.38,10.48,5.65,0.76
2018_08_05,8.0,5.0,Sunday,74.0,0.3216,0.0485,1.0,5.98,5.93,12.58,10.34,2.6,11.4,6.48,11.4,0.81,0.82
2018_08_06,8.0,6.0,Monday,76.0,0.2427,0.0858,1.0,4.87,4.86,9.2,7.18,0.47,5.69,2.59,5.69,-1.1,0.76
2018_08_07,8.0,7.0,Tuesday,79.0,0.0094,0.0004,1.0,5.39,5.35,8.52,7.56,-1.1,10.63,3.11,10.63,1.32,0.68
2018_08_08,8.0,8.0,Wednesday,83.0,0.0043,0.0083,1.0,5.88,5.93,11.85,9.14,1.32,11.57,6.02,11.57,4.92,0.71
2018_08_09,8.0,9.0,Thursday,78.0,0.0083,0.0003,1.0,6.04,6.08,10.84,7.73,4.36,10.21,6.14,6.99,4.69,0.88
2018_08_10,8.0,10.0,Friday,78.0,0.1394,0.0322,1.0,5.12,5.11,8.16,6.23,5.54,11.46,8.05,11.46,6.89,0.95
2018_08_11,8.0,11.0,Saturday,73.0,0.0966,0.032,1.0,2.9,2.88,5.15,3.6,5.18,10.53,8.1,10.32,5.92,0.91
2018_08_12,8.0,12.0,Sunday,74.0,0.0681,0.0168,1.0,6.89,6.86,14.06,8.67,4.61,10.35,6.7,7.25,3.42,0.88
2018_08_13,8.0,13.0,Monday,74.0,0.0021,0.0098,1.0,10.94,10.93,13.63,12.99,0.82,10.81,3.93,4.55,0.82,0.69
2018_08_14,8.0,14.0,Tuesday,74.0,0.0021,0.0535,1.0,8.46,8.48,11.49,9.72,0.82,4.41,2.5,3.81,2.52,0.66
2018_08_15,8.0,15.0,Wednesday,74.0,0.0109,0.0029,1.0,6.44,6.47,9.39,7.84,2.13,6.37,3.69,5.78,0.76,0.59
2018_08_16,8.0,16.0,Thursday,74.0,0.0256,0.0109,1.0,6.84,6.86,9.49,7.73,0.32,3.78,1.85,3.13,-1.04,0.61
2018_08_17,8.0,17.0,Friday,74.0,0.0424,0.0098,1.0,6.0,5.99,9.96,8.04,-1.04,6.22,2.04,5.2,1.01,0.72
2018_08_18,8.0,18.0,Saturday,74.0,0.0052,0.0004,1.0,6.0,6.01,12.1,8.62,1.01,12.56,6.55,12.56,5.87,0.66
2018_08_19,8.0,19.0,Sunday,74.0,0.0041,0.0,1.0,4.93,4.89,13.39,7.79,5.87,13.97,10.43,13.97,4.46,0.7
2018_08_20,8.0,20.0,Monday,74.0,0.0041,0.2171,1.0,3.31,3.3,6.56,4.74,4.46,12.14,8.51,11.04,7.37,0.9
2018_08_21,8.0,21.0,Tuesday,74.0,0.0032,0.0734,1.0,6.0,5.97,8.92,7.8,7.37,16.87,12.81,16.87,10.78,0.72
2018_08_22,8.0,22.0,Wednesday,74.0,0.0041,0.3879,1.0,6.62,6.63,9.79,7.94,10.78,15.04,12.5,15.04,10.97,0.7
2018_08_23,8.0,23.0,Thursday,74.0,0.0041,0.0057,1.0,6.03,6.04,8.56,7.11,10.86,15.13,12.23,15.13,10.61,0.78
2018_08_24,8.0,24.0,Friday,74.0,0.0041,0.0012,1.0,5.53,5.48,11.27,7.46,10.61,16.1,12.24,16.1,10.57,0.67
2018_08_25,8.0,25.0,Saturday,74.0,0.0043,0.0187,1.0,4.94,4.9,7.78,6.84,10.58,20.56,15.09,20.56,10.96,0.58
2018_08_26,8.0,26.0,Sunday,74.0,0.0,0.0,0.0,5.28,5.26,10.03,7.7,10.94,17.09,13.77,17.09,10.85,0.63
2018_08_27,8.0,27.0,Monday,74.0,0.5414,0.0565,1.0,5.73,5.7,15.08,8.11,10.59,17.61,13.31,17.61,6.62,0.79
2018_08_28,8.0,28.0,Tuesday,74.0,0.7852,0.11199999999999999,1.0,5.99,5.9,15.46,11.05,6.37,13.29,10.34,13.29,5.69,0.86
2018_08_29,8.0,29.0,Wednesday,74.0,0.0259,0.0019,1.0,5.37,5.39,13.89,9.59,5.69,12.8,9.15,12.8,3.96,0.84
2018_08_30,8.0,30.0,Thursday,74.0,0.6692,0.2438,1.0,10.53,10.46,19.42,16.69,3.96,11.12,8.88,11.12,4.35,0.76
2018_08_31,8.0,31.0,Friday,74.0,1.1101,0.2672,1.0,7.7,7.67,17.77,9.24,4.35,11.22,7.62,11.22,2.98,0.81
2018_09_01,9.0,1.0,Saturday,74.0,0.0094,0.0016,1.0,3.51,3.5,7.08,4.35,2.98,11.06,8.51,11.06,7.28,0.85
2018_09_02,9.0,2.0,Sunday,74.0,0.0204,0.0037,1.0,4.87,4.85,7.27,5.67,6.15,11.27,9.15,11.27,6.96,0.83
2018_09_03,9.0,3.0,Monday,77.0,0.0083,0.0011,1.0,1.65,1.72,3.84,2.04,6.79,10.91,8.97,10.67,2.27,0.82
2018_09_04,9.0,4.0,Tuesday,80.0,0.27,0.0803,1.0,4.15,4.18,8.54,5.94,2.27,12.33,9.55,12.33,10.15,0.87
2018_09_05,9.0,5.0,Wednesday,82.0,1.1983,0.121,1.0,3.08,3.26,9.92,4.09,2.76,11.04,8.68,10.62,2.64,0.77
2018_09_06,9.0,6.0,Thursday,85.0,1.1171,0.1673,1.0,9.72,9.71,17.38,13.31,2.82,5.55,4.08,5.55,3.21,0.65
2018_09_07,9.0,7.0,Friday,83.0,0.1017,0.0483,1.0,7.45,7.38,14.9,9.76,3.85,8.2,5.57,6.47,3.9,0.63
2018_09_08,9.0,8.0,Saturday,82.0,0.1332,0.039,1.0,4.92,4.8,9.21,6.74,3.9,8.08,6.1,7.37,5.54,0.69
2018_09_09,9.0,9.0,Sunday,82.0,0.0567,0.026000000000000002,1.0,3.13,3.11,6.35,4.12,5.54,11.65,9.07,11.65,7.3,0.68
2018_09_10,9.0,10.0,Monday,92.0,1.4574,0.3619,1.0,7.98,7.89,17.13,12.59,5.57,13.3,10.81,13.3,5.68,0.77
2018_09_11,9.0,11.0,Tuesday,91.0,0.3605,0.0433,1.0,5.31,5.42,14.97,9.62,5.68,12.46,10.52,12.46,7.74,0.86
2018_09_12,9.0,12.0,Wednesday,93.0,0.3193,0.1023,1.0,2.74,2.83,7.21,3.56,7.74,11.57,10.07,10.89,6.52,0.83
2018_09_13,9.0,13.0,Thursday,91.0,0.01,0.0012,1.0,5.9,5.86,8.26,7.33,6.52,11.71,9.76,11.71,6.7,0.75
2018_09_14,9.0,14.0,Friday,91.0,0.0071,0.001,1.0,5.95,5.96,7.79,6.64,6.31,10.92,9.52,10.92,5.11,0.66
2018_09_15,9.0,15.0,Saturday,91.0,0.0041,0.032,1.0,6.46,6.47,10.77,7.7,5.11,11.05,8.78,11.05,6.03,0.76
2018_09_16,9.0,16.0,Sunday,91.0,0.0043,0.0098,1.0,7.91,7.92,11.86,10.02,5.45,11.81,9.66,11.81,6.91,0.78
2018_09_17,9.0,17.0,Monday,91.0,0.0041,0.0103,1.0,6.6,6.64,11.63,8.26,6.91,13.22,11.45,13.22,10.05,0.76
2018_09_18,9.0,18.0,Tuesday,91.0,0.0,0.0,0.0,7.88,7.89,12.76,10.26,10.05,12.76,11.59,12.52,10.75,0.75
2018_09_19,9.0,19.0,Wednesday,91.0,0.0219,0.0051,1.0,6.05,6.03,11.8,6.7,10.61,14.03,11.74,11.9,10.23,0.81
2018_09_20,9.0,20.0,Thursday,91.0,0.0054,0.0004,1.0,2.89,2.91,5.34,3.02,10.23,13.51,11.9,13.51,11.82,0.82
2018_09_21,9.0,21.0,Friday,91.0,0.0314,0.0066,1.0,5.12,5.11,9.84,7.34,10.08,13.05,11.56,12.32,10.21,0.91
2018_09_22,9.0,22.0,Saturday,91.0,0.0137,0.0032,1.0,5.8,5.77,10.13,9.03,10.14,12.0,11.01,11.96,11.25,0.89
2018_09_23,9.0,23.0,Sunday,91.0,0.0043,0.2764,1.0,3.9,3.86,9.15,6.05,10.06,12.58,11.35,12.58,7.54,0.9
2018_09_24,9.0,24.0,Monday,91.0,0.0021,0.0089,1.0,2.34,2.33,5.23,3.28,7.54,15.68,11.51,14.52,7.23,0.78
2018_09_25,9.0,25.0,Tuesday,91.0,0.0021,0.005,1.0,3.23,3.24,6.88,4.92,7.23,16.36,12.96,16.36,11.47,0.72
2018_09_26,9.0,26.0,Wednesday,91.0,0.0021,0.0,1.0,3.59,3.58,8.96,4.83,11.47,15.49,13.12,15.49,10.15,0.8
2018_09_27,9.0,27.0,Thursday,91.0,0.1718,0.0297,1.0,2.43,2.47,5.06,3.06,10.15,15.02,12.62,14.33,11.15,0.83
2018_09_28,9.0,28.0,Friday,91.0,0.2364,0.0288,1.0,7.51,7.44,16.66,12.4,11.15,16.09,13.7,16.09,12.43,0.86
2018_09_29,9.0,29.0,Saturday,91.0,0.2581,0.0458,1.0,5.62,5.6,12.61,8.29,12.81,15.17,13.95,15.17,10.12,0.77
2018_09_30,9.0,30.0,Sunday,91.0,0.5638,0.1885,1.0,4.41,4.37,10.72,6.25,10.11,13.19,12.0,12.86,9.12,0.83
2018_10_01,10.0,1.0,Monday,97.0,0.2911,0.0229,1.0,4.48,4.53,14.33,6.47,9.12,14.73,12.23,14.73,12.09,0.76
2018_10_02,10.0,2.0,Tuesday,97.0,0.3171,0.0583,1.0,7.95,7.92,14.44,13.59,12.26,17.59,14.7,17.59,10.96,0.87
2018_10_03,10.0,3.0,Wednesday,100.0,0.0049,0.0927,1.0,5.71,5.68,12.82,8.38,10.96,15.12,13.67,15.12,10.45,0.86
2018_10_04,10.0,4.0,Thursday,100.0,0.0041,0.0,1.0,3.72,3.76,7.64,4.82,10.45,17.07,14.32,16.21,13.73,0.81
2018_10_05,10.0,5.0,Friday,96.0,0.0081,0.0009,1.0,5.33,5.3,12.92,8.64,13.73,22.44,17.35,22.44,14.28,0.77
2018_10_06,10.0,6.0,Saturday,93.0,0.002,0.2006,1.0,6.14,6.1,10.79,9.26,12.38,15.88,14.6,15.37,8.13,0.82
2018_10_07,10.0,7.0,Sunday,93.0,1.6761,0.2168,1.0,4.58,4.64,12.65,7.46,8.13,19.55,14.16,19.55,12.67,0.8
2018_10_08,10.0,8.0,Monday,97.0,1.0061,0.1337,1.0,5.15,5.16,12.81,8.58,11.76,14.4,13.58,14.4,11.03,0.87
2018_10_09,10.0,9.0,Tuesday,104.0,2.2245,0.3163,1.0,6.16,6.1,11.18,8.19,11.03,15.51,13.47,15.51,11.36,0.74
2018_10_10,10.0,10.0,Wednesday,106.0,0.3969,0.0892,1.0,6.52,6.52,16.62,12.45,11.36,17.44,13.87,17.44,12.49,0.81
2018_10_11,10.0,11.0,Thursday,108.0,0.9809,0.2362,1.0,13.04,12.84,21.64,18.33,11.73,15.47,13.73,15.47,7.22,0.77
2018_10_12,10.0,12.0,Friday,100.0,0.1024,0.0085,1.0,4.22,4.28,13.95,6.63,7.22,14.4,12.43,14.4,13.5,0.82
2018_10_13,10.0,13.0,Saturday,93.0,0.3861,0.1448,1.0,4.99,4.96,9.65,7.71,11.58,17.31,14.2,17.31,7.81,0.88
2018_10_14,10.0,14.0,Sunday,94.0,0.0507,0.0027,1.0,3.63,3.6,7.92,4.99,7.81,15.35,12.52,15.35,12.54,0.79
2018_10_15,10.0,15.0,Monday,105.0,1.6907,0.3995,1.0,2.39,2.41,10.12,4.0,10.48,14.34,12.8,14.34,10.09,0.86
2018_10_16,10.0,16.0,Tuesday,105.0,0.3514,0.0398,1.0,7.45,7.33,14.97,12.66,10.25,14.7,13.21,14.7,12.29,0.87
2018_10_17,10.0,17.0,Wednesday,106.0,0.003,0.0567,1.0,4.71,4.67,11.59,7.04,12.29,16.43,14.01,16.43,13.68,0.82
2018_10_18,10.0,18.0,Thursday,105.0,0.2033,0.0326,1.0,3.04,3.03,12.29,6.85,13.83,15.99,14.99,15.98,13.93,0.77
2018_10_19,10.0,19.0,Friday,101.0,0.3044,0.0452,1.0,6.79,6.69,13.74,10.58,13.93,17.37,15.48,17.37,11.96,0.8
2018_10_20,10.0,20.0,Saturday,95.0,0.0026,0.0322,1.0,3.13,3.13,7.44,5.3,11.96,18.08,15.15,18.08,12.77,0.82
2018_10_21,10.0,21.0,Sunday,95.0,0.2514,0.0525,1.0,3.62,3.65,9.64,4.28,12.77,17.96,15.49,17.96,14.72,0.81
2018_10_22,10.0,22.0,Monday,103.0,0.5473,0.1374,1.0,4.08,4.07,13.63,6.09,13.71,18.03,15.83,16.49,15.04,0.88
2018_10_23,10.0,23.0,Tuesday,108.0,0.2301,0.0365,1.0,6.43,6.34,12.02,9.55,13.73,16.47,15.5,16.47,10.91,0.83
2018_10_24,10.0,24.0,Wednesday,111.0,0.0915,0.0161,1.0,4.53,4.49,8.8,5.88,10.91,15.73,14.06,15.73,12.54,0.8
2018_10_25,10.0,25.0,Thursday,110.0,0.0032,0.1446,1.0,5.02,4.96,9.88,6.29,12.54,17.84,15.34,17.84,15.68,0.79
2018_10_26,10.0,26.0,Friday,108.0,0.0199,0.0021,1.0,5.04,5.06,9.72,7.27,15.68,22.25,18.53,20.56,19.05,0.85
2018_10_27,10.0,27.0,Saturday,102.0,0.095,0.0124,1.0,3.74,3.71,8.43,6.46,16.9,23.16,19.52,23.16,16.86,0.83
2018_10_28,10.0,28.0,Sunday,102.0,0.527,0.0866,1.0,4.35,4.31,11.62,7.05,15.46,21.04,18.1,21.04,14.66,0.88
2018_10_29,10.0,29.0,Monday,107.0,0.002,0.3047,1.0,7.63,7.62,14.35,10.96,13.24,16.67,15.1,15.98,15.16,0.94
2018_10_30,10.0,30.0,Tuesday,107.0,0.003,0.0866,1.0,9.79,9.79,13.62,12.47,14.87,17.35,15.88,17.35,14.44,0.86
2018_10_31,10.0,31.0,Wednesday,104.0,0.0021,0.0,1.0,7.33,7.3,12.96,9.5,14.44,17.44,15.84,16.68,16.12,0.85
2018_11_01,11.0,1.0,Thursday,104.0,0.0,0.0,0.0,4.48,4.51,9.45,6.73,16.58,26.21,21.28,25.91,18.66,0.69
2018_11_02,11.0,2.0,Friday,102.0,0.1641,0.0133,1.0,6.73,6.67,12.62,9.93,15.46,21.21,18.29,18.85,14.02,0.84
2018_11_03,11.0,3.0,Saturday,99.0,0.0073,0.0006,1.0,5.78,5.72,10.82,8.2,14.02,18.37,16.54,17.97,12.61,0.81
2018_11_04,11.0,4.0,Sunday,99.0,0.032,0.0072,1.0,5.09,5.07,8.26,5.99,12.61,18.6,16.46,17.21,13.75,0.79
2018_11_05,11.0,5.0,Monday,112.0,0.0085,0.0006,1.0,6.22,6.21,9.32,7.86,13.75,17.49,16.03,17.49,13.38,0.68
2018_11_06,11.0,6.0,Tuesday,110.0,0.0062,0.0005,1.0,3.46,3.47,8.34,4.55,13.38,16.92,15.62,16.85,14.06,0.72
2018_11_07,11.0,7.0,Wednesday,111.0,0.0083,0.0012,1.0,2.68,2.69,6.32,3.68,14.06,19.61,17.07,19.57,15.15,0.78
2018_11_08,11.0,8.0,Thursday,115.0,0.3328,0.0317,1.0,3.47,3.5,7.14,5.03,15.15,18.91,16.85,18.91,15.11,0.85
2018_11_09,11.0,9.0,Friday,116.0,0.3538,0.0409,1.0,4.12,4.13,6.23,5.04,14.76,16.48,15.5,16.48,11.91,0.72
2018_11_10,11.0,10.0,Saturday,111.0,0.0098,0.0016,1.0,3.91,3.9,11.08,5.17,11.91,16.1,14.34,16.1,11.72,0.72
2018_11_11,11.0,11.0,Sunday,114.0,0.0083,0.0021,1.0,2.0,2.04,4.56,2.81,11.72,17.05,14.71,16.89,15.96,0.71
2018_11_12,11.0,12.0,Monday,119.0,0.4087,0.0547,1.0,4.65,4.61,10.73,6.76,15.96,19.1,17.47,18.63,15.14,0.78
2018_11_13,11.0,13.0,Tuesday,118.0,0.0854,0.005,1.0,5.17,5.17,8.42,6.97,15.14,19.41,17.11,18.62,13.55,0.86
2018_11_14,11.0,14.0,Wednesday,117.0,1.2015,0.2171,1.0,3.54,3.59,8.29,6.47,13.55,19.28,16.77,19.28,16.25,0.86
2018_11_15,11.0,15.0,Thursday,116.0,0.0378,0.0083,1.0,6.22,6.19,8.67,7.8,14.49,18.02,16.76,17.34,15.92,0.82
2018_11_16,11.0,16.0,Friday,120.0,0.036000000000000004,0.0163,1.0,6.66,6.64,9.42,7.98,14.72,17.34,16.06,17.34,14.74,0.76
2018_11_17,11.0,17.0,Saturday,115.0,0.032,0.0113,1.0,4.6,4.6,8.01,5.89,14.47,16.71,15.42,15.82,13.45,0.76
2018_11_18,11.0,18.0,Sunday,115.0,0.0076,0.0018,1.0,2.2,2.17,3.89,2.82,13.45,18.69,16.64,17.87,13.01,0.75
2018_11_19,11.0,19.0,Monday,118.0,0.0096,0.0028,1.0,2.2,2.2,6.22,2.89,13.01,20.85,17.29,20.73,15.71,0.79
2018_11_20,11.0,20.0,Tuesday,115.0,0.0362,0.0091,1.0,6.91,6.84,14.12,10.86,15.71,19.23,17.43,19.23,14.03,0.84
2018_11_21,11.0,21.0,Wednesday,115.0,0.0241,0.0037,1.0,4.45,4.49,10.72,7.42,14.03,19.37,17.06,19.37,16.58,0.82
2018_11_22,11.0,22.0,Thursday,112.0,1.9358,0.3849,1.0,7.86,7.77,17.91,12.39,16.57,20.09,18.44,20.09,15.59,0.84
2018_11_23,11.0,23.0,Friday,112.0,0.0381,0.0108,1.0,4.14,4.19,12.6,6.41,15.59,18.69,17.3,18.69,14.05,0.85
2018_11_24,11.0,24.0,Saturday,108.0,0.0084,0.0006,1.0,6.78,6.69,13.16,10.69,14.05,20.21,17.79,20.21,16.19,0.83
2018_11_25,11.0,25.0,Sunday,107.0,0.0083,0.0018,1.0,4.28,4.38,8.84,5.45,16.19,25.49,20.74,25.49,20.35,0.8
2018_11_26,11.0,26.0,Monday,110.0,0.0604,0.0088,1.0,5.73,5.69,11.66,8.24,18.75,24.33,21.51,24.33,18.75,0.78
2018_11_27,11.0,27.0,Tuesday,111.0,1.2006,0.1197,1.0,4.4,4.46,20.1,6.5,19.1,35.23,25.74,34.74,21.97,0.65
2018_11_28,11.0,28.0,Wednesday,109.0,1.3980000000000001,0.3879,1.0,6.1,6.13,22.09,7.25,20.28,25.22,22.48,23.05,19.53,0.76
2018_11_29,11.0,29.0,Thursday,113.0,1.1371,0.3594,1.0,4.73,4.81,10.14,7.94,17.35,21.72,19.53,20.18,17.24,0.92
2018_11_30,11.0,30.0,Friday,110.0,0.4278,0.076,1.0,6.98,6.96,10.7,8.97,16.61,18.94,17.49,18.01,14.65,0.87
2018_12_01,12.0,1.0,Saturday,104.0,0.0095,0.0017,1.0,4.43,4.47,10.65,6.83,14.65,20.44,17.65,19.91,17.54,0.82
2018_12_02,12.0,2.0,Sunday,103.0,0.1489,0.0258,1.0,6.46,6.52,15.72,11.22,17.54,21.95,19.3,21.95,16.85,0.76
2018_12_03,12.0,3.0,Monday,109.0,0.7011,0.2162,1.0,9.51,9.45,15.85,14.26,16.68,19.16,17.48,19.16,15.35,0.83
2018_12_04,12.0,4.0,Tuesday,106.0,0.41600000000000004,0.0572,1.0,5.33,5.31,12.84,8.07,15.35,20.08,17.43,20.07,17.21,0.87
2018_12_05,12.0,5.0,Wednesday,113.0,0.1393,0.0206,1.0,5.95,5.89,9.5,8.17,17.24,19.85,18.49,19.0,18.03,0.85
2018_12_06,12.0,6.0,Thursday,120.0,0.0082,0.0014,1.0,4.22,4.27,8.16,4.87,17.51,19.42,18.52,19.42,16.26,0.76
2018_12_07,12.0,7.0,Friday,118.0,0.2392,0.0172,1.0,3.92,3.9,6.62,5.02,16.26,21.17,19.06,21.17,17.92,0.83
2018_12_08,12.0,8.0,Saturday,111.0,0.1953,0.0228,1.0,7.76,7.67,13.98,10.89,16.03,20.29,18.76,19.92,13.97,0.83
2018_12_09,12.0,9.0,Sunday,108.0,0.0289,0.0054,1.0,7.3,7.31,13.19,11.46,13.97,19.3,17.02,19.3,15.28,0.81
2018_12_10,12.0,10.0,Monday,118.0,0.0282,0.0097,1.0,8.58,8.56,14.38,12.78,15.28,19.51,17.74,19.51,15.06,0.82
2018_12_11,12.0,11.0,Tuesday,123.0,0.0743,0.0147,1.0,4.64,4.69,13.08,7.36,15.06,19.7,17.59,19.36,18.83,0.81
2018_12_12,12.0,12.0,Wednesday,124.0,2.1362,0.2462,1.0,6.48,6.48,15.98,12.89,18.73,22.97,20.47,22.95,17.6,0.8
2018_12_13,12.0,13.0,Thursday,121.0,0.2089,0.0725,1.0,13.89,13.72,24.45,20.2,17.31,20.81,18.86,20.02,14.86,0.76
2018_12_14,12.0,14.0,Friday,120.0,0.0598,0.0141,1.0,9.52,9.51,18.07,14.57,14.86,18.34,16.67,18.34,13.51,0.81
2018_12_15,12.0,15.0,Saturday,111.0,0.4505,0.1653,1.0,5.67,5.73,12.73,8.62,13.51,17.31,15.32,17.31,13.11,0.86
2018_12_16,12.0,16.0,Sunday,108.0,0.5255,0.1546,1.0,6.01,5.96,9.16,8.21,13.11,17.26,15.36,17.26,13.13,0.77
2018_12_17,12.0,17.0,Monday,120.0,0.9438,0.3014,1.0,5.92,5.96,15.6,10.47,13.13,17.53,15.35,17.41,16.29,0.87
2018_12_18,12.0,18.0,Tuesday,122.0,0.3028,0.0978,1.0,8.73,8.65,15.18,11.49,16.95,19.21,18.01,19.16,12.45,0.85
2018_12_19,12.0,19.0,Wednesday,120.0,1.0772,0.1163,1.0,5.66,5.61,13.47,9.25,12.45,19.07,16.25,19.07,16.14,0.83
2018_12_20,12.0,20.0,Thursday,116.0,0.7156,0.1446,1.0,8.37,8.31,16.86,14.01,15.6,18.32,17.19,18.32,15.06,0.89
2018_12_21,12.0,21.0,Friday,118.0,0.636,0.177,1.0,7.09,7.1,14.89,10.2,15.06,18.72,16.35,18.72,13.69,0.83
2018_12_22,12.0,22.0,Saturday,112.0,0.2269,0.0462,1.0,8.59,8.51,15.32,13.32,13.69,18.67,16.09,18.67,13.26,0.79
2018_12_23,12.0,23.0,Sunday,111.0,0.0747,0.0142,1.0,5.55,5.51,11.62,7.54,13.26,18.15,15.69,18.15,12.65,0.78
2018_12_24,12.0,24.0,Monday,113.0,0.0094,0.0006,1.0,2.24,2.21,5.65,3.17,12.65,18.74,16.0,18.74,13.17,0.76
2018_12_25,12.0,25.0,Tuesday,104.0,0.0094,0.0023,1.0,4.85,4.76,8.69,6.58,13.17,18.44,15.85,18.4,14.25,0.8
2018_12_26,12.0,26.0,Wednesday,103.0,0.0117,0.0013,1.0,3.2,3.24,6.48,4.34,14.25,19.91,17.25,19.88,17.12,0.83
2018_12_27,12.0,27.0,Thursday,110.0,0.0095,0.0012,1.0,4.19,4.21,7.71,5.55,17.12,23.0,19.9,23.0,16.69,0.75
2018_12_28,12.0,28.0,Friday,118.0,0.0051,0.0002,1.0,2.82,2.89,6.6,4.24,16.69,23.59,20.59,23.59,16.55,0.74
2018_12_29,12.0,29.0,Saturday,116.0,0.0032,0.0,1.0,3.15,3.17,6.54,4.72,16.55,24.33,21.44,24.33,17.84,0.76
2018_12_30,12.0,30.0,Sunday,116.0,0.0106,0.0005,1.0,3.5,3.46,6.42,4.73,17.84,23.65,21.52,23.65,19.13,0.84
2018_12_31,12.0,31.0,Monday,116.0,0.1456,0.0242,1.0,5.3,5.22,12.24,8.35,18.15,21.93,19.72,19.99,16.6,0.89
2019_01_01,1.0,1.0,Tuesday,31.0,0.1239,0.0168,1.0,5.45,5.48,11.72,7.84,15.38,18.6,17.28,18.05,13.54,0.83
2019_01_02,1.0,2.0,Wednesday,39.0,0.0094,0.0011,1.0,5.68,5.64,8.68,7.79,13.54,19.27,16.52,19.27,14.7,0.82
2019_01_03,1.0,3.0,Thursday,40.0,0.0226,0.0025,1.0,5.24,5.24,13.25,8.4,14.7,22.72,18.18,22.72,16.45,0.78
2019_01_04,1.0,4.0,Friday,38.0,0.0198,0.0062,1.0,5.65,5.66,10.39,6.96,15.74,18.42,16.97,17.33,15.19,0.69
2019_01_05,1.0,5.0,Saturday,25.0,0.0251,0.0022,1.0,6.58,6.61,11.28,7.72,15.18,19.33,16.83,17.25,15.52,0.66
2019_01_06,1.0,6.0,Sunday,25.0,0.0322,0.0066,1.0,6.75,6.74,10.99,9.05,15.52,18.5,16.91,18.5,15.1,0.76
2019_01_07,1.0,7.0,Monday,31.0,2.4332,0.3545,1.0,7.61,7.56,16.27,12.34,15.04,19.17,16.95,19.17,14.68,0.79
2019_01_08,1.0,8.0,Tuesday,34.0,0.0504,0.0091,1.0,7.99,7.91,15.21,10.23,12.59,17.84,15.14,15.32,11.36,0.63
2019_01_09,1.0,9.0,Wednesday,36.0,0.2946,0.03,1.0,6.54,6.44,13.97,9.44,11.36,16.75,14.34,16.75,14.61,0.77
2019_01_10,1.0,10.0,Thursday,36.0,0.3953,0.1033,1.0,7.5,7.47,12.77,9.62,13.21,16.61,15.22,15.81,14.76,0.77
2019_01_11,1.0,11.0,Friday,39.0,0.2575,0.057,1.0,6.01,6.0,10.65,7.81,13.27,16.29,14.85,15.41,10.54,0.66
2019_01_12,1.0,12.0,Saturday,30.0,0.2915,0.0699,1.0,3.5,3.46,8.37,5.01,10.54,15.83,13.5,15.83,11.08,0.72
2019_01_13,1.0,13.0,Sunday,29.0,0.0107,0.0038,1.0,2.48,2.52,5.84,3.58,11.08,18.12,14.62,16.75,15.14,0.76
2019_01_14,1.0,14.0,Monday,29.0,0.1712,0.0284,1.0,8.72,8.62,17.89,12.95,15.14,18.64,16.99,18.64,17.25,0.83
2019_01_15,1.0,15.0,Tuesday,29.0,0.0747,0.0111,1.0,7.55,7.62,15.38,11.19,17.14,19.53,17.96,19.53,17.5,0.83
2019_01_16,1.0,16.0,Wednesday,29.0,0.0352,0.0065,1.0,6.46,6.5,14.28,8.32,14.73,18.55,17.4,18.42,13.54,0.79
2019_01_17,1.0,17.0,Thursday,29.0,0.0096,0.0021,1.0,3.62,3.61,7.81,5.13,13.54,18.18,15.85,18.18,11.69,0.78
2019_01_18,1.0,18.0,Friday,29.0,0.0083,0.0027,1.0,3.63,3.56,7.85,5.53,11.69,18.98,15.87,18.98,15.57,0.82
2019_01_19,1.0,19.0,Saturday,29.0,0.018000000000000002,0.0033,1.0,3.33,3.32,6.95,4.9,15.2,18.19,16.43,18.19,14.71,0.89
2019_01_20,1.0,20.0,Sunday,29.0,0.0073,0.001,1.0,5.42,5.4,9.48,6.78,14.38,16.66,15.5,16.66,13.61,0.71
2019_01_21,1.0,21.0,Monday,29.0,0.0083,0.0006,1.0,5.61,5.61,9.88,6.69,13.45,16.46,15.24,16.03,14.54,0.61
2019_01_22,1.0,22.0,Tuesday,29.0,0.0106,0.0016,1.0,3.82,3.82,6.16,4.91,14.43,16.52,15.7,16.51,12.81,0.7
2019_01_23,1.0,23.0,Wednesday,29.0,0.0096,0.0024,1.0,5.28,5.28,13.74,7.84,12.81,19.45,15.44,19.45,12.28,0.64
2019_01_24,1.0,24.0,Thursday,29.0,0.0041,0.0066,1.0,6.48,6.49,13.52,9.72,12.28,22.7,16.62,22.7,15.86,0.62
2019_01_25,1.0,25.0,Friday,29.0,0.4654,0.0621,1.0,5.47,5.45,14.49,10.58,15.86,22.42,17.98,22.42,15.97,0.77
2019_01_26,1.0,26.0,Saturday,29.0,0.5788,0.0801,1.0,5.89,5.86,11.19,9.87,15.48,18.15,16.73,18.15,16.13,0.85
2019_01_27,1.0,27.0,Sunday,29.0,3.3771,0.7795,1.0,8.11,8.05,16.21,13.51,14.53,17.46,16.46,17.35,15.43,0.88
2019_01_28,1.0,28.0,Monday,29.0,1.4297,0.6588,1.0,8.52,8.46,16.14,14.66,15.29,17.3,16.18,17.3,15.77,0.89
2019_01_29,1.0,29.0,Tuesday,29.0,1.0732,0.2568,1.0,8.68,8.6,18.62,15.0,15.77,18.92,16.95,18.92,15.18,0.89
2019_01_30,1.0,30.0,Wednesday,29.0,0.8290000000000001,0.2549,1.0,10.14,10.06,20.74,16.1,15.04,17.23,15.94,17.23,14.0,0.84
2019_01_31,1.0,31.0,Thursday,29.0,0.2006,0.0567,1.0,9.52,9.45,18.34,14.79,14.0,17.27,15.75,17.27,15.06,0.81
2019_02_01,2.0,1.0,Friday,29.0,2.3721,0.5371,1.0,11.51,11.48,22.69,18.58,15.06,17.68,16.17,17.68,15.2,0.88
2019_02_02,2.0,2.0,Saturday,29.0,1.5225,0.155,1.0,8.04,8.13,18.25,11.32,14.4,15.94,15.42,15.79,15.19,0.81
